                  epoch,        train/giou_loss,         train/cls_loss,          train/l1_loss,   metrics/precision(B),      metrics/recall(B),       metrics/mAP50(B),    metrics/mAP50-95(B),          val/giou_loss,           val/cls_loss,            val/l1_loss,                 lr/pg0,                 lr/pg1,                 lr/pg2
                      1,                 0.7615,                 3.0125,                 1.4202,                0.00091,                0.43023,                0.04906,                0.01262,                0.76558,                 1.1672,                 1.6738,               0.096853,               3.15e-06,               3.15e-06
                      2,                0.65275,                 1.4496,                 1.1791,                0.00109,                0.47368,                0.02334,                 0.0059,                  0.771,                 1.5291,                 1.3366,               0.093656,               6.35e-06,               6.35e-06
                      3,                0.60061,                  1.416,                 1.0496,                0.07401,                0.51469,                0.09086,                0.03097,                0.46889,                 1.6758,                0.85552,                0.09046,               9.55e-06,               9.55e-06
                      4,                0.49715,                 1.4376,                0.82482,                  0.321,                0.43059,                0.25152,                0.12388,                 0.5846,                  1.745,                 1.0973,               0.087263,              1.275e-05,              1.275e-05
                      5,                0.51281,                 1.3701,                0.88392,                0.05153,                 0.2907,                0.06304,                0.04245,                0.40541,                   1.89,                0.71766,               0.084066,              1.595e-05,              1.595e-05
                      6,                0.47707,                  1.352,                0.81126,                0.08561,                0.28001,                  0.127,                0.07679,                 0.4255,                 1.7235,                0.72216,               0.080869,              1.915e-05,              1.915e-05
                      7,                0.48648,                 1.2947,                0.82088,                0.57194,                0.12791,                0.06695,                0.03888,                0.51253,                 1.4662,                0.94576,               0.077672,              2.235e-05,              2.235e-05
                      8,                0.51515,                 1.2097,                0.88735,                0.04086,                0.32558,                0.10952,                0.05407,                0.52842,                 1.4983,                0.92773,               0.074476,              2.555e-05,              2.555e-05
                      9,                0.46872,                 1.2507,                0.80945,                0.41505,                0.47307,                0.28891,                0.15495,                 0.4174,                 1.7162,                0.72155,               0.071279,              2.875e-05,              2.875e-05
                     10,                0.48126,                 1.1711,                0.85034,                0.23994,                0.18932,                0.25793,                0.09669,                 0.5999,                 1.5128,                 1.0885,               0.068082,              3.195e-05,              3.195e-05
                     11,                0.46707,                 1.1479,                 0.7909,                0.59372,                0.26713,                0.26517,                0.19134,                0.32162,                 1.7006,                0.56148,               0.064885,              3.515e-05,              3.515e-05
                     12,                0.46082,                 1.1551,                0.79607,                0.30583,                0.38494,                0.28734,                0.20678,                0.37306,                 1.3632,                0.62828,               0.061688,              3.835e-05,              3.835e-05
                     13,                0.40346,                 1.0832,                0.67636,                 0.3772,                0.52203,                 0.3927,                0.27334,                0.33903,                 1.2063,                0.62194,               0.058492,              4.155e-05,              4.155e-05
                     14,                0.37947,                 1.0485,                0.62818,                 0.4583,                0.43207,                0.36429,                0.22173,                0.39602,                 1.1482,                0.68289,               0.055295,              4.475e-05,              4.475e-05
                     15,                0.39246,                  1.024,                0.63682,                  0.534,                0.44584,                0.49326,                0.29104,                0.41077,                 1.2562,                0.75944,               0.052098,              4.795e-05,              4.795e-05
                     16,                0.36881,                 0.9303,                0.57531,                0.50676,                 0.4951,                0.40873,                0.27567,                0.36413,                 1.1374,                0.57064,               0.048901,              5.115e-05,              5.115e-05
                     17,                0.38491,                0.95566,                0.60602,                0.28739,                0.34486,                0.26864,                0.18289,                 0.3327,                 1.3133,                0.56406,               0.045704,              5.435e-05,              5.435e-05
                     18,                0.35776,                0.86588,                0.54806,                0.71066,                0.53633,                0.52488,                0.33884,                 0.4031,                  1.159,                0.76809,               0.042508,              5.755e-05,              5.755e-05
                     19,                0.35096,                 0.8378,                0.52663,                0.63967,                0.57099,                0.48378,                0.35257,                0.30896,                 1.0059,                0.55923,               0.039311,              6.075e-05,              6.075e-05
                     20,                0.33936,                0.83699,                 0.5367,                0.65432,                0.67774,                0.61961,                0.47495,                0.26462,                0.93495,                0.42877,               0.036114,              6.395e-05,              6.395e-05
                     21,                0.34847,                0.82905,                0.50986,                0.64116,                0.59017,                0.54583,                0.42462,                 0.2702,                 1.0764,                0.45954,               0.032917,              6.715e-05,              6.715e-05
                     22,                0.33694,                0.79494,                0.51866,                0.61264,                0.59326,                0.53395,                0.41294,                0.24687,                0.88324,                0.39234,                0.02972,              7.035e-05,              7.035e-05
                     23,                0.30224,                0.81997,                0.47076,                0.61508,                0.62882,                0.57975,                0.42398,                0.25808,                 1.1864,                0.43595,               0.026524,              7.355e-05,              7.355e-05
                     24,                0.28335,                0.82456,                0.43224,                0.50281,                0.48638,                 0.4424,                0.35483,                 0.2604,                0.91768,                0.41432,               0.023327,              7.675e-05,              7.675e-05
                     25,                0.29674,                 0.8507,                0.44313,                0.63936,                0.59792,                0.57236,                0.46383,                0.24248,                0.97181,                0.41728,                0.02013,              7.995e-05,              7.995e-05
                     26,                0.28332,                0.81941,                0.44005,                0.77795,                0.58476,                0.62221,                0.50277,                0.23022,                0.91576,                0.40004,               0.016933,              8.315e-05,              8.315e-05
                     27,                 0.2493,                0.83214,                0.37403,                0.61153,                0.58718,                0.51767,                0.40405,                0.24637,                 1.0655,                0.41522,               0.013736,              8.635e-05,              8.635e-05
                     28,                0.24869,                 0.8358,                0.38592,                0.77599,                0.63433,                0.63419,                0.52739,                0.21543,                0.83802,                0.36702,                0.01054,              8.955e-05,              8.955e-05
                     29,                0.23254,                 0.8105,                0.35253,                0.72615,                0.73864,                0.66566,                0.55471,                0.20904,                0.80272,                0.33707,              0.0073428,              9.275e-05,              9.275e-05
                     30,                0.22926,                 0.8617,                 0.3345,                0.65699,                 0.6116,                0.58929,                0.48787,                0.19924,                0.89579,                0.32659,               0.004146,              9.595e-05,              9.595e-05
                     31,                0.21961,                0.79791,                0.32933,                0.74739,                0.62818,                0.59906,                0.46595,                0.25314,                0.91311,                0.44006,             0.00094915,              9.915e-05,              9.915e-05
                     32,                0.21466,                0.75596,                0.32258,                0.76522,                0.66769,                0.63462,                0.52453,                0.22381,                0.80688,                 0.3759,                 0.0001,                 0.0001,                 0.0001
                     33,                0.20771,                0.78707,                0.32073,                0.62489,                0.51224,                0.48785,                0.38929,                0.23288,                0.98271,                0.39701,                 0.0001,                 0.0001,                 0.0001
                     34,                0.20268,                0.76816,                0.30508,                0.71558,                0.70202,                0.65295,                0.55893,                0.20325,                0.81887,                0.36354,                 0.0001,                 0.0001,                 0.0001
                     35,                 0.2065,                0.75516,                 0.3107,                0.73868,                0.62764,                0.57588,                0.47237,                0.21247,                0.92676,                0.36698,                 0.0001,                 0.0001,                 0.0001
                     36,                0.19298,                0.76599,                   0.29,                0.68961,                0.66481,                0.63831,                0.55308,                0.17962,                 0.7751,                 0.3076,                 0.0001,                 0.0001,                 0.0001
                     37,                0.19457,                0.74212,                0.29285,                0.74085,                0.45375,                0.42655,                0.36418,                0.20711,                0.97091,                0.36579,                 0.0001,                 0.0001,                 0.0001
                     38,                0.19104,                0.76386,                0.29333,                0.62843,                0.55477,                0.56097,                0.47195,                0.20616,                0.85847,                0.36692,                 0.0001,                 0.0001,                 0.0001
                     39,                0.19593,                0.73262,                0.29339,                0.81192,                0.63339,                0.69056,                0.60248,                0.17575,                0.81218,                 0.2955,                 0.0001,                 0.0001,                 0.0001
                     40,                0.18507,                0.73486,                0.27259,                0.70129,                0.60502,                 0.6305,                0.55346,                0.17321,                0.79137,                0.29425,                 0.0001,                 0.0001,                 0.0001
                     41,                0.18328,                0.69472,                 0.2746,                0.56351,                0.51071,                0.45863,                0.38231,                0.20025,                0.89508,                0.34352,                 0.0001,                 0.0001,                 0.0001
                     42,                0.17854,                0.71101,                0.27405,                0.72433,                0.65147,                 0.6662,                0.59071,                0.16513,                0.79031,                0.29189,                 0.0001,                 0.0001,                 0.0001
                     43,                0.17766,                0.70358,                0.26339,                0.72801,                0.72468,                0.68806,                0.56873,                0.21056,                0.69165,                0.36996,                 0.0001,                 0.0001,                 0.0001
                     44,                0.18401,                0.70851,                0.27972,                0.73438,                0.73133,                0.72634,                0.63226,                 0.1678,                0.71331,                0.27618,                 0.0001,                 0.0001,                 0.0001
                     45,                0.17615,                0.69452,                0.26033,                0.72981,                0.64229,                0.62941,                0.52342,                0.20324,                0.75617,                0.35543,                 0.0001,                 0.0001,                 0.0001
                     46,                0.17567,                0.70644,                0.25951,                0.76548,                 0.6904,                0.67577,                0.58436,                0.18602,                0.72338,                0.31181,                 0.0001,                 0.0001,                 0.0001
                     47,                 0.1716,                0.68828,                0.24694,                0.79146,                 0.7451,                0.73822,                0.62887,                0.19306,                  0.645,                0.35607,                 0.0001,                 0.0001,                 0.0001
                     48,                0.17386,                0.67315,                0.25872,                0.79899,                0.72445,                0.71811,                0.61268,                0.19444,                 0.7138,                0.33885,                 0.0001,                 0.0001,                 0.0001
                     49,                0.17695,                0.69167,                0.27074,                 0.7965,                0.75482,                0.74979,                0.64399,                0.19091,                 0.6626,                0.32324,                 0.0001,                 0.0001,                 0.0001
                     50,                 0.1748,                 0.6834,                0.25809,                0.83333,                0.73315,                0.73065,                0.64235,                0.16489,                 0.6889,                0.28126,                 0.0001,                 0.0001,                 0.0001
                     51,                0.17121,                0.66195,                0.25345,                0.79608,                0.70246,                0.72219,                0.62298,                0.19213,                0.63706,                0.33811,                 0.0001,                 0.0001,                 0.0001
                     52,                0.17156,                0.66943,                0.25594,                0.81202,                0.75979,                0.72676,                0.63723,                0.16812,                0.60879,                 0.2849,                 0.0001,                 0.0001,                 0.0001
                     53,                0.16798,                0.69465,                0.24969,                0.72722,                 0.6513,                0.67727,                 0.5921,                0.16215,                0.78247,                0.28459,                 0.0001,                 0.0001,                 0.0001
                     54,                0.17699,                0.66944,                0.26726,                 0.8247,                0.73868,                0.75747,                0.66019,                0.17538,                0.68051,                0.30534,                 0.0001,                 0.0001,                 0.0001
                     55,                0.17131,                0.63599,                0.25632,                0.74745,                0.77564,                0.74669,                0.64979,                0.16841,                0.64699,                0.28913,                 0.0001,                 0.0001,                 0.0001
                     56,                0.16186,                0.64581,                 0.2383,                0.79877,                0.78485,                0.76567,                0.67945,                0.15702,                0.63858,                0.26699,                 0.0001,                 0.0001,                 0.0001
                     57,                0.16824,                0.64252,                0.25323,                0.80747,                0.72547,                0.74236,                0.65285,                0.16185,                0.60682,                0.27166,                 0.0001,                 0.0001,                 0.0001
                     58,                0.16836,                0.66197,                0.25815,                0.79355,                0.75376,                0.75783,                0.65359,                 0.1744,                0.61029,                0.29171,                 0.0001,                 0.0001,                 0.0001
                     59,                0.15966,                0.64422,                0.23562,                0.80271,                0.69943,                0.69635,                0.60868,                0.15899,                 0.6767,                0.25679,                 0.0001,                 0.0001,                 0.0001
                     60,                0.16546,                0.63643,                0.23954,                0.77174,                0.68653,                0.65709,                0.58167,                0.15315,                 0.7063,                0.26467,                 0.0001,                 0.0001,                 0.0001
                     61,                0.15955,                0.62786,                0.24738,                0.81276,                0.78843,                0.73226,                0.65377,                0.14648,                0.60373,                 0.2484,                 0.0001,                 0.0001,                 0.0001
                     62,                0.16171,                0.62021,                 0.2425,                0.78166,                0.80434,                0.77467,                0.67848,                0.17489,                0.55443,                0.30042,                 0.0001,                 0.0001,                 0.0001
                     63,                0.15188,                 0.6293,                0.23303,                0.79406,                0.78922,                0.75629,                0.65723,                0.16887,                0.59167,                0.29419,                 0.0001,                 0.0001,                 0.0001
                     64,                0.16154,                0.59964,                0.24989,                 0.7875,                0.72385,                0.78058,                0.67693,                0.16659,                0.58876,                0.28306,                 0.0001,                 0.0001,                 0.0001
                     65,                0.16332,                0.63007,                0.23604,                0.81316,                0.74919,                0.73808,                0.64689,                0.16752,                0.61033,                0.27175,                 0.0001,                 0.0001,                 0.0001
                     66,                0.15636,                0.60598,                0.22118,                0.81984,                0.72736,                0.74319,                 0.6651,                0.14416,                 0.6345,                0.23482,                 0.0001,                 0.0001,                 0.0001
                     67,                0.16036,                0.60641,                0.24323,                0.82713,                0.79901,                0.82283,                0.72737,                0.14689,                0.57064,                0.24467,                 0.0001,                 0.0001,                 0.0001
                     68,                0.15817,                0.60009,                0.23678,                0.78491,                0.76682,                0.76831,                0.67871,                0.15799,                0.62618,                0.25288,                 0.0001,                 0.0001,                 0.0001
                     69,                0.15261,                0.62185,                0.23826,                 0.7788,                0.72083,                0.69779,                0.61539,                0.16181,                0.63749,                0.27365,                 0.0001,                 0.0001,                 0.0001
                     70,                0.15244,                0.61124,                0.22993,                0.85662,                0.81207,                0.79319,                0.68701,                0.16298,                0.55464,                 0.2679,                 0.0001,                 0.0001,                 0.0001
                     71,                0.16461,                0.59282,                0.24452,                0.62043,                0.67717,                0.59945,                 0.5284,                0.15763,                0.67263,                0.27029,                 0.0001,                 0.0001,                 0.0001
                     72,                0.15577,                0.60343,                0.23239,                0.82912,                0.80869,                 0.7701,                 0.6664,                0.15956,                0.58442,                0.26964,                 0.0001,                 0.0001,                 0.0001
                     73,                0.14444,                 0.5915,                0.20809,                0.87218,                0.80018,                0.81259,                0.73009,                0.13969,                0.55667,                0.23565,                 0.0001,                 0.0001,                 0.0001
                     74,                0.15206,                0.57733,                0.21885,                 0.8451,                0.78305,                0.76864,                0.67643,                0.14613,                0.56147,                0.24342,                 0.0001,                 0.0001,                 0.0001
                     75,                0.15167,                0.58065,                0.23615,                0.87447,                0.80951,                0.84793,                0.74753,                0.15214,                0.57322,                0.26264,                 0.0001,                 0.0001,                 0.0001
                     76,                0.15356,                 0.5997,                0.23471,                0.82155,                0.83737,                0.83028,                0.74894,                0.14485,                0.56151,                0.24589,                 0.0001,                 0.0001,                 0.0001
                     77,                0.15049,                0.57031,                0.22328,                0.79373,                0.72508,                 0.7507,                0.65758,                 0.1511,                0.58539,                0.27144,                 0.0001,                 0.0001,                 0.0001
                     78,                0.14828,                0.58482,                0.22454,                0.83428,                0.76652,                0.75549,                0.67061,                0.15062,                0.60609,                0.26566,                 0.0001,                 0.0001,                 0.0001
                     79,                 0.1493,                0.57597,                0.23178,                0.80336,                0.77313,                0.74895,                 0.6673,                0.15627,                0.60742,                0.26936,                 0.0001,                 0.0001,                 0.0001
                     80,                0.14959,                0.53703,                 0.2239,                0.82937,                0.80061,                0.81979,                0.71531,                0.15744,                0.58597,                0.26127,                 0.0001,                 0.0001,                 0.0001
                     81,                0.14783,                0.55969,                0.22535,                0.74947,                0.74793,                0.75299,                0.65994,                0.16838,                 0.6211,                0.28344,                 0.0001,                 0.0001,                 0.0001
                     82,                0.14449,                0.57449,                0.21312,                0.78358,                0.80271,                0.77871,                  0.696,                0.15081,                0.58849,                0.26804,                 0.0001,                 0.0001,                 0.0001
                     83,                0.14443,                0.61833,                0.21573,                0.80716,                0.81793,                0.76022,                0.68084,                0.15284,                0.55183,                0.25729,                 0.0001,                 0.0001,                 0.0001
                     84,                0.14585,                0.56112,                0.22175,                0.85077,                0.83721,                0.81246,                0.71775,                0.15632,                0.54937,                0.27269,                 0.0001,                 0.0001,                 0.0001
                     85,                 0.1549,                0.57542,                0.23556,                  0.866,                0.76495,                0.81325,                0.72884,                0.14338,                 0.5676,                0.24943,                 0.0001,                 0.0001,                 0.0001
                     86,                 0.1401,                0.51763,                0.21105,                0.81941,                0.82149,                0.79556,                 0.7068,                0.14117,                0.60235,                0.24086,                 0.0001,                 0.0001,                 0.0001
                     87,                0.14576,                0.53541,                0.22261,                0.81472,                0.77601,                0.74668,                0.66369,                0.14142,                0.59607,                0.23938,                 0.0001,                 0.0001,                 0.0001
                     88,                0.14685,                0.56352,                0.22094,                0.84514,                0.80324,                0.82109,                0.72343,                0.14674,                0.50882,                0.24872,                 0.0001,                 0.0001,                 0.0001
                     89,                0.14273,                0.54971,                0.20898,                0.83224,                0.85374,                0.82276,                 0.7289,                0.15119,                0.51205,                0.25245,                 0.0001,                 0.0001,                 0.0001
                     90,                0.14181,                 0.5267,                0.21767,                0.85109,                 0.7855,                0.80209,                0.71067,                0.15141,                0.50693,                0.26186,                 0.0001,                 0.0001,                 0.0001
                     91,                0.15175,                0.54696,                0.22638,                0.80871,                0.77165,                 0.7771,                0.69985,                0.15203,                0.53399,                0.25983,                 0.0001,                 0.0001,                 0.0001
                     92,                0.15472,                0.55153,                0.23268,                0.82176,                 0.8153,                0.80731,                0.71506,                 0.1433,                0.57882,                0.24078,                 0.0001,                 0.0001,                 0.0001
                     93,                0.14109,                0.56373,                0.21322,                 0.8633,                0.79468,                0.78491,                0.70196,                0.14695,                0.54842,                0.24995,                 0.0001,                 0.0001,                 0.0001
                     94,                0.14107,                 0.5182,                0.21822,                0.86696,                0.87136,                0.86126,                0.76845,                0.14232,                0.47105,                0.23834,                 0.0001,                 0.0001,                 0.0001
                     95,                0.14179,                0.54154,                0.21394,                0.86623,                0.86611,                0.84171,                0.75388,                0.13712,                0.52607,                0.22486,                 0.0001,                 0.0001,                 0.0001
                     96,                0.15007,                0.54093,                0.22509,                0.83407,                0.85435,                0.84438,                 0.7473,                0.14129,                 0.5143,                0.24649,                 0.0001,                 0.0001,                 0.0001
                     97,                0.14154,                0.54118,                0.20527,                0.87501,                0.88066,                0.84591,                0.76288,                0.13712,                0.54512,                0.23798,                 0.0001,                 0.0001,                 0.0001
                     98,                0.13638,                0.52334,                0.20993,                0.83732,                0.86092,                0.82845,                0.74864,                 0.1465,                0.52585,                0.25431,                 0.0001,                 0.0001,                 0.0001
                     99,                0.14205,                 0.5579,                 0.2155,                0.76101,                0.79371,                0.76012,                0.67976,                 0.1466,                0.54892,                0.25538,                 0.0001,                 0.0001,                 0.0001
                    100,                0.14393,                0.50429,                0.22341,                0.76775,                0.86344,                0.80692,                0.72164,                 0.1433,                0.56713,                 0.2509,                 0.0001,                 0.0001,                 0.0001
                    101,                0.14164,                 0.5519,                0.21642,                0.83804,                0.87863,                0.83676,                0.73675,                0.14628,                0.52998,                0.25476,                 0.0001,                 0.0001,                 0.0001
                    102,                0.13436,                0.51286,                0.20143,                0.85041,                0.82282,                0.81511,                0.71713,                 0.1429,                0.53178,                0.23298,                 0.0001,                 0.0001,                 0.0001
                    103,                0.13859,                0.52829,                0.20933,                0.84169,                 0.8675,                0.82634,                0.73925,                0.13602,                0.50112,                0.23685,                 0.0001,                 0.0001,                 0.0001
                    104,                0.13462,                0.50073,                0.20461,                0.82031,                0.89382,                0.82715,                0.73275,                0.13944,                0.49249,                0.24545,                 0.0001,                 0.0001,                 0.0001
                    105,                0.13833,                0.49506,                0.20192,                0.82486,                 0.8776,                0.83283,                0.74269,                0.14145,                0.50521,                0.24605,                 0.0001,                 0.0001,                 0.0001
                    106,                0.13646,                0.51521,                0.20613,                0.77465,                0.78363,                0.78697,                0.69712,                0.14378,                0.54432,                0.25244,                 0.0001,                 0.0001,                 0.0001
                    107,                0.13881,                0.49233,                0.20811,                0.78421,                0.83243,                0.78742,                0.69734,                0.14366,                0.53561,                0.24383,                 0.0001,                 0.0001,                 0.0001
                    108,                0.13655,                0.47101,                0.20601,                 0.8678,                 0.8895,                0.85718,                0.76296,                0.14089,                0.47601,                0.23808,                 0.0001,                 0.0001,                 0.0001
                    109,                0.13098,                0.51403,                0.19988,                0.89788,                0.80477,                0.80499,                0.71602,                0.13953,                0.51033,                0.23772,                 0.0001,                 0.0001,                 0.0001
                    110,                0.13914,                0.53587,                0.20558,                0.84053,                0.80485,                0.79322,                0.70899,                  0.142,                0.52967,                0.23746,                 0.0001,                 0.0001,                 0.0001
                    111,                 0.1374,                0.47806,                0.20679,                0.83972,                0.84467,                0.83059,                0.73813,                0.14077,                0.51379,                0.23943,                 0.0001,                 0.0001,                 0.0001
                    112,                0.13159,                0.45916,                0.19305,                0.85903,                0.87294,                0.85786,                0.76798,                0.14466,                0.50087,                0.24508,                 0.0001,                 0.0001,                 0.0001
                    113,                0.13822,                0.48768,                0.20987,                0.84799,                0.83966,                0.82846,                0.74059,                0.14282,                0.49718,                0.24795,                 0.0001,                 0.0001,                 0.0001
                    114,                0.13503,                0.49633,                0.20517,                0.85739,                0.87147,                0.84708,                0.76295,                0.14116,                0.46247,                0.24556,                 0.0001,                 0.0001,                 0.0001
                    115,                0.12839,                0.45844,                0.19125,                0.91348,                0.88306,                0.86048,                0.76436,                0.13879,                0.47822,                0.23925,                 0.0001,                 0.0001,                 0.0001
                    116,                0.13071,                0.47015,                0.19069,                0.87913,                0.87123,                0.84894,                 0.7579,                0.13706,                0.47102,                0.23269,                 0.0001,                 0.0001,                 0.0001
                    117,                0.12971,                0.46716,                0.19269,                 0.8546,                0.87461,                0.85637,                0.76204,                0.13487,                0.46548,                0.23618,                 0.0001,                 0.0001,                 0.0001
                    118,                0.13008,                0.53265,                0.19579,                0.85228,                0.88771,                0.83243,                0.74698,                0.13878,                0.47688,                0.24166,                 0.0001,                 0.0001,                 0.0001
                    119,                0.13632,                0.47793,                0.21047,                0.83948,                 0.8265,                0.80985,                0.73466,                0.13583,                0.51762,                0.23495,                 0.0001,                 0.0001,                 0.0001
                    120,                0.13313,                0.41667,                0.20084,                0.87271,                0.82956,                0.85891,                0.77225,                0.13713,                0.51494,                0.23615,                 0.0001,                 0.0001,                 0.0001
                    121,                 0.1314,                 0.4469,                0.19669,                0.86878,                0.85282,                 0.8531,                0.76324,                0.13551,                0.54412,                0.23092,                 0.0001,                 0.0001,                 0.0001
                    122,                0.13669,                0.46574,                 0.2056,                 0.8659,                0.88909,                0.86912,                0.76891,                0.13773,                0.49208,                0.23289,                 0.0001,                 0.0001,                 0.0001
                    123,                0.14164,                0.47649,                0.20762,                0.84889,                 0.8675,                0.86422,                0.76938,                0.13665,                 0.5239,                 0.2315,                 0.0001,                 0.0001,                 0.0001
                    124,                0.13257,                0.42035,                0.19541,                0.87458,                0.85985,                0.84813,                0.76028,                0.13753,                0.50722,                0.23579,                 0.0001,                 0.0001,                 0.0001
                    125,                   0.13,                0.46047,                 0.1967,                0.86759,                0.81206,                0.84735,                0.76635,                0.13929,                0.49065,                0.24127,                 0.0001,                 0.0001,                 0.0001
                    126,                0.13179,                0.42847,                0.19608,                0.85549,                0.91707,                0.86951,                 0.7873,                0.13906,                0.47763,                0.23819,                 0.0001,                 0.0001,                 0.0001
                    127,                0.13173,                0.44409,                0.20033,                0.89759,                 0.8164,                0.86016,                0.77728,                0.13563,                0.51152,                0.23564,                 0.0001,                 0.0001,                 0.0001
                    128,                0.13123,                0.41794,                0.19252,                 0.8769,                0.84497,                0.84471,                0.76817,                 0.1379,                0.49815,                0.23935,                 0.0001,                 0.0001,                 0.0001
                    129,                  0.128,                0.48744,                0.19244,                0.84677,                0.88684,                0.84802,                0.77251,                0.13146,                0.48547,                0.23117,                 0.0001,                 0.0001,                 0.0001
                    130,                0.12674,                0.41482,                0.19825,                0.87744,                0.89137,                0.86411,                0.78297,                0.13413,                0.51454,                0.23141,                 0.0001,                 0.0001,                 0.0001
                    131,                0.13001,                0.47084,                 0.1979,                0.88039,                0.89369,                0.88464,                0.80171,                0.13935,                0.50171,                0.24193,                 0.0001,                 0.0001,                 0.0001
                    132,                0.12801,                0.43908,                0.19255,                0.87846,                0.88974,                0.86484,                 0.7753,                0.14168,                0.56574,                0.24394,                 0.0001,                 0.0001,                 0.0001
                    133,                  0.126,                0.47475,                0.19198,                0.87103,                0.87913,                0.85698,                0.76465,                0.13875,                0.49271,                0.24387,                 0.0001,                 0.0001,                 0.0001
                    134,                0.13198,                0.43644,                0.18956,                0.85985,                0.90239,                0.87008,                0.78352,                0.14022,                0.45029,                0.24208,                 0.0001,                 0.0001,                 0.0001
                    135,                0.13842,                 0.4171,                0.20635,                0.85158,                0.84346,                0.83683,                0.75208,                0.13996,                0.47607,                0.24588,                 0.0001,                 0.0001,                 0.0001
                    136,                 0.1274,                0.44308,                0.19279,                0.86322,                0.86597,                0.86103,                 0.7741,                0.14143,                0.48392,                0.24722,                 0.0001,                 0.0001,                 0.0001
                    137,                0.12718,                0.43435,                0.18614,                0.87896,                0.90545,                0.88495,                0.80019,                0.13998,                0.46932,                 0.2417,                 0.0001,                 0.0001,                 0.0001
                    138,                0.12901,                0.40163,                0.19888,                0.87667,                0.88582,                0.87168,                0.78427,                0.14014,                0.49804,                0.24403,                 0.0001,                 0.0001,                 0.0001
                    139,                 0.1285,                0.42484,                0.18697,                0.86511,                  0.915,                0.87986,                0.78851,                 0.1412,                0.46943,                0.24922,                 0.0001,                 0.0001,                 0.0001
                    140,                0.12603,                0.41582,                0.18778,                0.87222,                0.90392,                0.88235,                 0.7976,                0.14061,                0.47203,                 0.2477,                 0.0001,                 0.0001,                 0.0001
                    141,                 0.1332,                0.40458,                0.19774,                0.86657,                0.90131,                0.87454,                0.78651,                0.14103,                 0.4728,                0.24262,                 0.0001,                 0.0001,                 0.0001
                    142,                0.12482,                0.44743,                0.18675,                0.84927,                0.87099,                0.87082,                0.78725,                0.14075,                0.51206,                0.24484,                 0.0001,                 0.0001,                 0.0001
                    143,                0.12303,                0.45494,                0.18532,                 0.8612,                0.88978,                0.87395,                0.78842,                0.13828,                0.45861,                0.23903,                 0.0001,                 0.0001,                 0.0001
                    144,                0.13145,                0.39547,                0.19891,                 0.8511,                0.87913,                0.86592,                0.77375,                0.14217,                0.48045,                0.24628,                 0.0001,                 0.0001,                 0.0001
                    145,                 0.1252,                0.43635,                0.19533,                0.81443,                0.87106,                0.85018,                0.77457,                0.13648,                0.48125,                0.23722,                 0.0001,                 0.0001,                 0.0001
                    146,                0.12814,                0.42731,                0.18874,                0.80033,                0.87819,                0.84147,                0.75979,                0.13584,                0.48364,                0.23539,                 0.0001,                 0.0001,                 0.0001
                    147,                0.12663,                0.40928,                0.19278,                0.85173,                0.90008,                0.87662,                0.78931,                0.13854,                0.47755,                0.23891,                 0.0001,                 0.0001,                 0.0001
                    148,                0.12888,                0.41884,                0.19245,                0.83826,                0.91707,                0.87948,                0.78818,                0.13969,                0.45971,                0.24098,                 0.0001,                 0.0001,                 0.0001
                    149,                 0.1279,                0.43083,                 0.1933,                0.87657,                0.87733,                0.88371,                0.79963,                0.13504,                0.45516,                0.23194,                 0.0001,                 0.0001,                 0.0001
                    150,                0.12023,                0.39689,                0.18191,                0.85452,                0.91323,                0.89437,                0.81272,                 0.1367,                0.45983,                0.23559,                 0.0001,                 0.0001,                 0.0001
                    151,                0.12319,                  0.432,                 0.1843,                0.86128,                 0.9186,                0.89073,                0.81181,                0.13327,                0.45048,                0.23253,                 0.0001,                 0.0001,                 0.0001
                    152,                0.12247,                0.41586,                0.17719,                0.87791,                0.89925,                0.87721,                0.79617,                0.13118,                0.45391,                 0.2276,                 0.0001,                 0.0001,                 0.0001
                    153,                0.11901,                0.39859,                0.17908,                0.85634,                0.89814,                0.87979,                0.80383,                0.13062,                0.49735,                 0.2273,                 0.0001,                 0.0001,                 0.0001
                    154,                0.12493,                0.39367,                0.18475,                0.88846,                0.90769,                0.88045,                0.79857,                0.13324,                0.45377,                0.22896,                 0.0001,                 0.0001,                 0.0001
                    155,                0.12543,                0.39321,                0.18762,                0.87517,                0.90545,                0.88242,                0.79469,                0.13189,                 0.4779,                0.22836,                 0.0001,                 0.0001,                 0.0001
                    156,                 0.1266,                0.41644,                0.19286,                0.87794,                0.90272,                0.87619,                0.79338,                0.13604,                0.49987,                0.23222,                 0.0001,                 0.0001,                 0.0001
                    157,                0.12738,                0.40803,                0.18566,                0.89311,                0.91432,                0.88931,                0.80323,                0.13603,                0.46102,                0.23362,                 0.0001,                 0.0001,                 0.0001
                    158,                0.12798,                  0.388,                0.19278,                0.87649,                0.89229,                0.87764,                 0.7922,                0.13558,                 0.4722,                0.23349,                 0.0001,                 0.0001,                 0.0001
                    159,                0.12536,                0.39297,                0.18536,                0.88363,                0.88957,                0.87471,                0.79307,                0.13141,                0.50682,                 0.2298,                 0.0001,                 0.0001,                 0.0001
                    160,                0.12507,                0.41608,                0.18874,                0.86859,                0.88325,                0.88141,                0.79359,                0.13232,                0.45657,                0.23004,                 0.0001,                 0.0001,                 0.0001
                    161,                0.12644,                0.40352,                0.19132,                0.87751,                0.91851,                0.89485,                0.80527,                0.13296,                 0.4815,                0.23024,                 0.0001,                 0.0001,                 0.0001
                    162,                0.12157,                0.39441,                0.18177,                 0.8836,                0.92549,                0.89936,                0.81644,                0.13384,                0.46023,                0.23313,                 0.0001,                 0.0001,                 0.0001
                    163,                0.12259,                0.38797,                0.18161,                0.86421,                0.89432,                0.88504,                0.80321,                0.13399,                0.46765,                0.23219,                 0.0001,                 0.0001,                 0.0001
                    164,                0.12276,                0.37386,                0.18336,                0.92158,                0.87592,                0.89459,                0.80435,                0.13479,                0.46739,                0.23279,                 0.0001,                 0.0001,                 0.0001
                    165,                0.12054,                0.37039,                0.18291,                0.91631,                0.94052,                0.91322,                0.82362,                0.13475,                0.45128,                0.23205,                 0.0001,                 0.0001,                 0.0001
                    166,                0.12264,                0.38528,                0.17849,                0.89941,                0.93749,                0.91842,                0.82913,                0.13443,                0.45694,                0.23349,                 0.0001,                 0.0001,                 0.0001
                    167,                0.12275,                 0.3777,                0.18228,                 0.8982,                0.92005,                0.89999,                0.81059,                0.13314,                0.44264,                0.23131,                 0.0001,                 0.0001,                 0.0001
                    168,                0.12342,                0.40661,                0.18455,                0.89366,                0.92441,                0.90421,                 0.8203,                0.13252,                0.43728,                 0.2295,                 0.0001,                 0.0001,                 0.0001
                    169,                0.12695,                0.38272,                0.19019,                0.87116,                 0.9341,                0.91224,                0.82132,                0.13473,                0.44338,                0.23151,                 0.0001,                 0.0001,                 0.0001
                    170,                0.12284,                0.41144,                0.18068,                0.85471,                0.93306,                 0.9079,                0.81719,                0.13478,                0.47917,                0.23115,                 0.0001,                 0.0001,                 0.0001
                    171,                0.12663,                0.39994,                0.18603,                0.86586,                0.92604,                0.90534,                0.81652,                0.13318,                0.43702,                0.22969,                 0.0001,                 0.0001,                 0.0001
                    172,                 0.1254,                0.35723,                 0.1886,                0.87865,                0.92698,                0.91009,                0.81977,                0.13236,                0.43666,                0.22702,                 0.0001,                 0.0001,                 0.0001
                    173,                0.12443,                0.36152,                0.19131,                0.88704,                0.92678,                0.90715,                0.81938,                0.13341,                0.44179,                0.22829,                 0.0001,                 0.0001,                 0.0001
                    174,                0.12373,                0.36609,                0.18837,                 0.8887,                0.94186,                0.91214,                0.82583,                 0.1332,                0.42577,                0.22911,                 0.0001,                 0.0001,                 0.0001
                    175,                0.12128,                0.36575,                0.18212,                 0.8939,                0.92997,                0.91133,                0.82861,                0.13127,                0.42797,                0.22462,                 0.0001,                 0.0001,                 0.0001
                    176,                0.12083,                0.39179,                0.17738,                0.87971,                0.90392,                0.90399,                0.81701,                0.13184,                0.43495,                0.22556,                 0.0001,                 0.0001,                 0.0001
                    177,                0.12101,                0.36109,                0.18153,                0.87619,                0.92891,                0.90169,                0.81136,                0.13132,                0.43645,                0.22575,                 0.0001,                 0.0001,                 0.0001
                    178,                0.11721,                0.35706,                0.17673,                0.89378,                0.92873,                0.90538,                0.81577,                0.13203,                0.41738,                0.22513,                 0.0001,                 0.0001,                 0.0001
                    179,                0.11936,                0.38862,                0.18023,                0.92591,                0.88825,                 0.9051,                0.81917,                0.13177,                0.42528,                0.22385,                 0.0001,                 0.0001,                 0.0001
                    180,                0.11914,                0.37567,                0.18012,                0.88705,                0.92541,                0.90789,                   0.82,                 0.1309,                0.41279,                0.22242,                 0.0001,                 0.0001,                 0.0001
                    181,                0.11603,                0.36449,                0.17423,                0.91834,                0.89137,                0.90608,                0.82031,                0.13187,                0.42189,                0.22493,                 0.0001,                 0.0001,                 0.0001
                    182,                0.12271,                 0.3607,                0.18457,                0.88721,                0.93023,                0.90531,                0.82063,                0.13183,                0.41865,                0.22573,                 0.0001,                 0.0001,                 0.0001
                    183,                0.12227,                0.38002,                0.17974,                0.87481,                 0.9287,                0.89915,                0.81852,                0.13247,                0.42877,                0.22731,                 0.0001,                 0.0001,                 0.0001
                    184,                0.12029,                0.37055,                0.18098,                0.88788,                0.92865,                0.89847,                0.81564,                0.13173,                0.41844,                0.22714,                 0.0001,                 0.0001,                 0.0001
                    185,                0.11944,                0.36125,                0.17719,                0.88917,                0.91657,                 0.9032,                0.82388,                 0.1312,                0.41171,                0.22655,                 0.0001,                 0.0001,                 0.0001
                    186,                 0.1185,                0.37146,                0.18296,                0.89759,                0.94186,                0.91252,                0.83233,                0.13057,                0.40349,                0.22601,                 0.0001,                 0.0001,                 0.0001
                    187,                0.11878,                0.39249,                0.17676,                0.89147,                0.94186,                0.90946,                 0.8256,                0.13148,                0.40558,                0.22729,                 0.0001,                 0.0001,                 0.0001
                    188,                0.11991,                0.37209,                0.18425,                0.89883,                0.94186,                0.91174,                0.82546,                0.13272,                0.40579,                0.22809,                 0.0001,                 0.0001,                 0.0001
                    189,                 0.1212,                0.34811,                 0.1819,                0.89899,                0.94186,                0.91351,                0.82732,                 0.1346,                0.40662,                0.23019,                 0.0001,                 0.0001,                 0.0001
                    190,                0.11817,                0.37829,                0.18408,                0.89783,                0.93023,                0.89982,                0.81928,                0.13279,                0.41352,                0.22572,                 0.0001,                 0.0001,                 0.0001
                    191,                0.12095,                 0.3498,                0.18008,                0.89328,                0.92974,                0.89814,                0.81509,                0.13235,                0.42229,                0.22422,                 0.0001,                 0.0001,                 0.0001
                    192,                0.12091,                0.38132,                0.18587,                0.88106,                0.93558,                0.90066,                0.81931,                0.13088,                0.42981,                0.22387,                 0.0001,                 0.0001,                 0.0001
                    193,                 0.1193,                0.35515,                0.17998,                0.89346,                0.94186,                0.89701,                0.81841,                0.13212,                0.43639,                 0.2261,                 0.0001,                 0.0001,                 0.0001
                    194,                 0.1206,                0.39157,                0.18243,                0.89191,                0.92995,                0.89962,                0.81995,                0.13127,                0.44235,                0.22432,                 0.0001,                 0.0001,                 0.0001
                    195,                0.11667,                0.37772,                0.18313,                0.87504,                0.94186,                0.89711,                0.82123,                0.13026,                0.44169,                0.22347,                 0.0001,                 0.0001,                 0.0001
                    196,                0.11568,                0.42767,                0.17034,                0.87018,                0.94186,                0.89666,                0.81753,                0.13071,                0.42794,                0.22404,                 0.0001,                 0.0001,                 0.0001
                    197,                0.11637,                0.35415,                0.17892,                0.87201,                0.94186,                0.89213,                0.81341,                0.12967,                0.42953,                 0.2225,                 0.0001,                 0.0001,                 0.0001
                    198,                 0.1177,                0.35262,                0.18102,                0.87251,                0.94186,                0.89192,                0.81385,                0.12885,                0.42818,                0.22145,                 0.0001,                 0.0001,                 0.0001
                    199,                 0.1193,                0.35005,                0.18145,                0.90086,                0.91002,                0.88968,                0.81374,                0.12878,                0.45274,                0.22185,                 0.0001,                 0.0001,                 0.0001
                    200,                0.11689,                0.36054,                0.17509,                0.86667,                0.94186,                0.89056,                0.81033,                0.12844,                0.45258,                 0.2212,                 0.0001,                 0.0001,                 0.0001
